filename,modification_date
filename,modification_date
filename,modification_date
filename,modification_date
filename,modification_date
filename,modification_date
filename,modification_date
filename,modification_date
filename,modification_date
filename,modification_date
filename,modification_date
filename,modification_date
filename,modification_date
filename,modification_date
filename,modification_date
filename,modification_date
filename,modification_date
filename,modification_date
filename,modification_date
filename,modification_date
filename,modification_date
filename,modification_date
my-results-bucket-546,
video-2020-03-29_13-00-05.h264_testing,2020-03-30 03:23:09
filename,modification_date
my-content-bucket-546,
video-2020-03-29_12-59-31.h264,2020-03-29 21:49:24
filename,modification_date
filename,modification_date
filename,modification_date
filename,modification_date
filename,modification_date
filename,modification_date
filename,modification_date
filename,modification_date
